Time	Speed
s*1e-6	m/s
0	0
950	0.02
11013	0.015
20994	0.015
31001	0.015
40975	0.02
50981	0.015
60949	0.02
72015	0.02
80975	0.015
91023	0.015
101628	0.015
111646	0.015
120984	0.015
132176	0.02
141965	0.015
151167	0.02
160989	0.015
170977	0.015
180966	0.02
191021	0.015
200957	0.02
211042	0.02
220965	0.02
231016	0.02
240982	0.015
251132	0.02
261012	0.02
271629	0.015
281005	0.015
291521	0.02
301073	0.02
311209	0.015
321000	0.02
332818	0.02
341021	0.02
351025	0.015
361570	0.015
371656	0.02
381569	0.02
391057	0.015
401087	0.02
413176	0.015
421015	0.015
431021	0.015
440985	0.015
451076	0.015
460982	0.015
471027	0.015
480963	0.015
491010	0.02
500966	0.02
510984	0.02
520955	0.015
531360	0.015
541341	0.02
552645	0.015
560962	0.02
571073	0.015
581069	0.015
591277	0.015
601067	0.02
611099	0.02
620992	0.015
631249	0.02
640988	0.02
651164	0.015
661760	0.015
671450	0.015
681519	0.015
691025	0.015
701583	0.02
711610	0.02
720988	0.02
731050	0.015
740972	0.02
751023	0.015
760955	0.015
771005	0.015
781009	0.02
791020	0.02
801077	0.02
811232	0.02
820982	0.015
831005	0.015
841492	0.015
851088	0.015
860975	0.02
872118	0.015
881920	0.015
891048	0.02
901908	0.02
911566	0.015
921038	0.015
931590	0.02
941420	0.015
951135	0.015
961838	0.015
971458	0.015
980964	0.015
991133	0.015
1000953	0.02
1011059	0.02
1020954	0.015
1031061	0.015
1040985	0.02
1051155	0.015
1075658	0.02
1075772	0.015
1081914	0.02
1091047	0.015
1100955	0.015
1111368	0.015
1120953	0.015
1131271	0.015
1141050	0.015
1151023	0.02
1160941	0.02
1171088	0.02
1180985	0.02
1191028	0.015
1200955	0.015
1210971	0.015
1220995	0.015
1230987	0.015
1240955	0.015
1251027	0.015
1261100	0.02
1270968	0.015
1280924	0.015
1290993	0.02
1300912	0.015
1311015	0.015
1320919	0.02
1330965	0.015
1340960	0.015
1351005	0.015
1360952	0.02
1370970	0.02
1380908	0.015
1390984	0.015
1400919	0.015
1411112	0.015
1420953	0.015
1430973	0.015
1440928	0.015
1450984	0.015
1460910	0.015
1470998	0.015
1481020	0.015
1490992	0.02
1500920	0.015
1511020	0.015
1520950	0.015
1530986	0.02
1540919	0.02
1550972	0.02
1560975	0.02
1570965	0.02
1580922	0.02
1591266	0.02
1600940	0.02
1611016	0.015
1620958	0.02
1630999	0.015
1640934	0.015
1651005	0.02
1660907	0.015
1670983	0.015
1680904	0.02
1690994	0.015
1700905	0.02
1711014	0.02
1721001	0.015
1730993	0.02
1740912	0.015
1751008	0.015
1760930	0.02
1770960	0.02
1780895	0.015
1791012	0.015
1800901	0.015
1810962	0.02
1820916	0.02
1830969	0.02
1840940	0.02
1851984	0.02
1860924	0.015
1870938	0.02
1880922	0.015
1891033	0.02
1900921	0.015
1911038	0.02
1920975	0.015
1930976	0.02
1940926	0.015
1951005	0.015
1960890	0.015
1970934	0.015
1981040	0.02
1991114	0.015
2000902	0.015
2010983	0.015
2020913	0.015
2030956	0.02
2040917	0.015
2050991	0.015
2060885	0.015
2070948	0.02
2080907	0.02
2090978	0.02
2100893	0.02
2110998	0.015
2120892	0.02
2130972	0.015
2140908	0.015
2151131	0.015
2160891	0.015
2170972	0.015
2180910	0.015
2190986	0.015
2200912	0.015
2210939	0.02
2220951	0.015
2230947	0.015
2240908	0.02
2250969	0.015
2260895	0.02
2270952	0.015
2280890	0.02
2290994	0.015
2300892	0.02
2311002	0.02
2320919	0.02
2330940	0.015
2340905	0.015
2350992	0.015
2360879	0.015
2371948	0.015
2380878	0.02
2390971	0.015
2400888	0.02
2410979	0.015
2420875	0.015
2430987	0.015
2440899	0.015
2451020	0.02
2460874	0.015
2470992	0.015
2480883	0.02
2490972	0.015
2500858	0.015
2510946	0.015
2520900	0.02
2530951	0.015
2540905	0.015
2550978	0.02
2560882	0.015
2570873	0.015
2580889	0.02
2590967	0.02
2600857	0.015
2610953	0.02
2620881	0.02
2630958	0.015
2640872	0.015
2650960	0.015
2660960	0.015
2670929	0.015
2680917	0.015
2690990	0.015
2700865	0.015
2710885	0.015
2720879	0.015
2730962	0.02
2740889	0.015
2750918	0.015
2760909	0.015
2770923	0.02
2780867	0.015
2790959	0.015
2800892	0.015
2811014	0.02
2820905	0.015
2830881	0.02
2840869	0.015
2850867	0.02
2860903	0.02
2870870	0.015
2880908	0.015
2890870	0.015
2900852	0.02
2910930	0.02
2920898	0.02
2930997	0.015
2940900	0.015
2950954	0.02
2960898	0.02
2970876	0.015
2980863	0.015
2990885	0.015
3000845	0.015
3010990	0.02
3020859	0.02
3030956	0.015
3040874	0.015
3050953	0.015
3060872	0.015
3070881	0.02
3080867	0.015
3090880	0.015
3100895	0.015
3110949	0.015
3120858	0.015
3130866	0.015
3140869	0.015
3150946	0.015
3160859	0.015
3170927	0.015
3180908	0.02
3190937	0.015
3200858	0.02
3210968	0.02
3220854	0.02
3230857	0.015
3240889	0.015
3250856	0.015
3260880	0.015
3270865	0.015
3280858	0.015
3290943	0.015
3300845	0.015
3310881	0.015
3320847	0.015
3330854	0.015
3340874	0.015
3351049	0.02
3360850	0.02
3370856	0.015
3380833	0.015
3390946	0.015
3400858	0.02
3410876	0.015
3420875	0.02
3430860	0.02
3440875	0.02
3450921	0.02
3460898	0.015
3470852	0.02
3480906	0.02
3490965	0.015
3500838	0.015
3511017	0.02
3520900	0.015
3530855	0.015
3540852	0.015
3550876	0.015
3561145	0.015
3570858	0.02
3580837	0.02
3590941	0.015
3600862	0.015
3610999	0.015
3620884	0.015
3630922	0.02
3640876	0.015
3650988	0.02
3660853	0.015
3670852	0.015
3680823	0.015
3690957	0.015
3700818	0.015
3710927	0.015
3720897	0.015
3730875	0.015
3740863	0.02
3750881	0.015
3760855	0.02
3770840	0.015
3780839	0.02
3790879	0.02
3800833	0.015
3811050	0.015
3820869	0.02
3830847	0.015
3840871	0.015
3851033	0.02
3860887	0.02
3870853	0.02
3880819	0.02
3890968	0.015
3900822	0.015
3911363	0.015
3920829	0.015
3930876	0.02
3940885	0.02
3950868	0.02
3960846	0.015
3970843	0.015
3981017	0.015
3990857	0.02
4000921	0.02
4010846	0.02
4020846	0.015
4030863	0.015
4040879	0.015
4050882	0.015
4060869	0.015
4070851	0.015
4080840	0.015
4090954	0.015
4100830	0.02
4110954	0.015
4120857	0.02
4130843	0.02
4140847	0.015
4150885	0.015
4160836	0.02
4170829	0.02
4180822	0.02
4190864	0.015
4200865	0.015
4210847	0.02
4220838	0.02
4230830	0.015
4240835	0.02
4267564	0.015
4267688	0.015
4270834	0.015
4280834	0.015
4290874	0.015
4300816	0.015
4311078	0.015
4320859	0.015
4330873	0.02
4340857	0.02
4350845	0.02
4360824	0.015
4370821	0.015
4380828	0.02
4390859	0.02
4400824	0.015
4410837	0.015
4420810	0.015
4430864	0.015
4440823	0.015
4450862	0.015
4460843	0.015
4470829	0.015
4480806	0.015
4490854	0.02
4500801	0.02
4510869	0.015
4520805	0.015
4530835	0.02
4540833	0.015
4550851	0.015
4560823	0.015
4570826	0.015
4580828	0.015
4590852	0.015
4600822	0.015
4610850	0.015
4620828	0.02
4630828	0.02
4640824	0.015
4650829	0.02
4660826	0.02
4670810	0.015
4680827	0.015
4690879	0.02
4700796	0.015
4710940	0.015
4720883	0.015
4730819	0.015
4740827	0.015
4750841	0.02
4760957	0.015
4770805	0.015
4793198	0.015
4793393	0.02
4800799	0.015
4810853	0.02
4820830	0.02
4830843	0.02
4840817	0.015
4850848	0.015
4860800	0.02
4870817	0.015
4880825	0.015
4890864	0.015
4900802	0.015
4910872	0.015
4920835	0.015
4930834	0.02
4940816	0.02
4950855	0.015
4960822	0.015
4970802	0.015
4980826	0.015
4990846	0.02
5000778	0.015
5010826	0.02
5020893	0.015
5030803	0.02
5040815	0.015
5050848	0.015
5060818	0.02
5070806	0.015
5080819	0.015
5090853	0.02
5100793	0.02
5110824	0.02
5120793	0.015
5130823	0.015
5140812	0.015
5150814	0.02
5160815	0.02
5170808	0.02
5180804	0.02
5190883	0.02
5200785	0.015
5211001	0.015
5220856	0.02
5230805	0.015
5240790	0.015
5250810	0.015
5260774	0.015
5270800	0.015
5280788	0.015
5290827	0.015
5300788	0.015
5310838	0.02
5320820	0.015
5330824	0.015
5340853	0.015
5350849	0.015
5360825	0.015
5370802	0.015
5380805	0.015
5390841	0.02
5400784	0.015
5410829	0.02
5420819	0.015
5430793	0.02
5440820	0.015
5450866	0.015
5460776	0.02
5470777	0.02
5480827	0.02
5490930	0.02
5500791	0.02
5510810	0.02
5520813	0.02
5530783	0.02
5540798	0.015
5550826	0.015
5560797	0.015
5570783	0.02
5580809	0.02
5590829	0.015
5600780	0.015
5610821	0.015
5620873	0.015
5630828	0.015
5640796	0.015
5650966	0.015
5660844	0.02
5670782	0.02
5680778	0.015
5690828	0.015
5700788	0.02
5710850	0.015
5720778	0.015
5730785	0.015
5740791	0.02
5750814	0.015
5760838	0.015
5770775	0.015
5780766	0.02
5790844	0.02
5800791	0.015
5810827	0.015
5820847	0.015
5830796	0.015
5840830	0.015
5850799	0.015
5860771	0.015
5870803	0.015
5880788	0.015
5890845	0.02
5900802	0.015
5910810	0.015
5920830	0.015
5930804	0.015
5940785	0.02
5950818	0.02
5960770	0.015
5970771	0.02
5980768	0.015
5990870	0.015
6000761	0.015
6010818	0.02
6020830	0.015
6030816	0.02
6040788	0.015
6050769	0.02
6060778	0.015
6070759	0.015
6080752	0.015
6090778	0.015
6100780	0.015
6110810	0.015
6120856	0.015
6130776	0.02
6140774	0.02
6150834	0.015
6160760	0.015
6170761	0.02
6180743	0.015
6190842	0.015
6200750	0.02
6210773	0.015
6220791	0.015
6230793	0.015
6240796	0.015
6250800	0.02
6260751	0.02
6270758	0.02
6280761	0.015
6290925	0.015
6300745	0.02
6310797	0.02
6320796	0.015
6330824	0.015
6340758	0.02
6350790	0.02
6360754	0.02
6370763	0.015
6380749	0.02
6390800	0.015
6400768	0.02
6410871	0.02
6420744	0.015
6430754	0.02
6440754	0.015
6450763	0.015
6460776	0.02
6470813	0.015
6480739	0.015
6490824	0.02
6500781	0.015
6510787	0.015
6520819	0.015
6530752	0.02
6540749	0.02
6550760	0.015
6560767	0.015
6570757	0.015
6580756	0.015
6590784	0.02
6600729	0.015
6610822	0.015
6620870	0.015
6630782	0.015
6640784	0.015
6650779	0.02
6660744	0.02
6670754	0.015
6680749	0.015
6690786	0.015
6700735	0.015
6710785	0.015
6720750	0.015
6730792	0.015
6740789	0.015
6750847	0.02
6760824	0.02
6770735	0.02
6780717	0.02
6790789	0.015
6800728	0.015
6810773	0.02
6820744	0.015
6830758	0.02
6840757	0.015
6850798	0.015
6860766	0.02
6870734	0.015
6880775	0.015
6890809	0.015
6900762	0.02
6910831	0.02
6920754	0.015
6930768	0.015
6940751	0.02
6950744	0.015
6960724	0.015
6970742	0.015
6980756	0.015
6990820	0.015
7000726	0.02
7010827	0.015
7020737	0.02
7030739	0.015
7040747	0.015
7050774	0.015
7060732	0.015
7070734	0.015
7080722	0.02
7090816	0.015
7100717	0.015
7110771	0.02
7120741	0.02
7130760	0.02
7140751	0.015
7150825	0.02
7160722	0.015
7170769	0.015
7180827	0.015
7190781	0.02
7200765	0.015
7211020	0.02
7220761	0.02
7230788	0.015
7240759	0.02
7250772	0.015
7260744	0.015
7270744	0.02
7280711	0.02
7290775	0.02
7300717	0.015
7310760	0.015
7320735	0.015
7330731	0.015
7340730	0.015
7350755	0.015
7360714	0.02
7370718	0.02
7380718	0.015
7390760	0.015
7400736	0.015
7410744	0.02
7420834	0.02
7430729	0.02
7445082	0.02
7450770	0.02
7460766	0.02
7470718	0.02
7480732	0.02
7490814	0.015
7500742	0.015
7510763	0.02
7520769	0.015
7530729	0.02
7540740	0.015
7550713	0.015
7560752	0.02
7570734	0.015
7580800	0.115
7590784	0.195
7600748	0.2
7610757	0.21
7620810	0.22
7630774	0.225
7640764	0.235
7650770	0.245
7660740	0.255
7670735	0.27
7680754	0.285
7690788	0.305
7700760	0.325
7710758	0.35
7720757	0.37
7730776	0.39
7740792	0.415
7750797	0.435
7760780	0.46
7770759	0.48
7780777	0.5
7790768	0.52
7800737	0.54
7810740	0.555
7820708	0.58
7830759	0.595
7840743	0.615
7850762	0.63
7860755	0.655
7870740	0.675
7880752	0.695
7890828	0.72
7900724	0.745
7910750	0.77
7920781	0.8
7930752	0.825
7940764	0.855
7950782	0.885
7960769	0.915
7970790	0.95
7985163	0.98
7990804	1.02
8000739	1.055
8010824	1.09
8020770	1.13
8030765	1.17
8040790	1.205
8051341	1.245
8060756	1.285
8070728	1.335
8080755	1.37
8090738	1.41
8100723	1.45
8110801	1.49
8120752	1.535
8130733	1.575
8140745	1.615
8150736	1.65
8160765	1.695
8170643	1.73
8180652	1.77
8190815	1.81
8200655	1.845
8210668	1.89
8220681	1.925
8230670	1.96
8250762	2.045
8260755	2.075
8270718	2.11
8280727	2.145
8290851	2.175
8300717	2.205
8310689	2.225
8320653	2.255
8330646	2.285
8340660	2.31
8350698	2.34
8360740	2.375
8370716	2.4
8380738	2.425
8390766	2.45
8400714	2.48
8410711	2.495
8420715	2.52
8430642	2.545
8440667	2.57
8450713	2.6
8460714	2.63
8470751	2.655
8480765	2.675
8490779	2.69
8500672	2.715
8520112	2.74
8520765	2.77
8530714	2.795
8540745	2.82
8550721	2.835
8560689	2.855
8570663	2.875
8580734	2.905
8590747	2.93
8600698	2.95
8610668	2.96
8620944	2.98
8630634	3.005
8640748	3.03
8650747	3.05
8660792	3.07
8670666	3.085
8680641	3.105
8690704	3.125
8700729	3.15
8710733	3.17
8720733	3.19
8730697	3.195
8740682	3.215
8750666	3.235
8760728	3.26
8770716	3.275
8780658	3.285
8790688	3.305
8800651	3.32
8810755	3.345
8820738	3.365
8830769	3.38
8840660	3.395
8850639	3.415
8860721	3.44
8870732	3.46
8880712	3.475
8890659	3.49
8900630	3.51
8910733	3.535
8920734	3.55
8930746	3.57
8940645	3.575
8950637	3.595
8960617	3.615
8970695	3.64
8980716	3.66
8990766	3.685
9000702	3.705
9010674	3.71
9020656	3.73
9030633	3.75
9045033	3.785
9050705	3.805
9060700	3.825
9070625	3.83
9080649	3.845
9090680	3.865
9100711	3.895
9110791	3.92
9120710	3.935
9130618	3.935
9140664	3.955
9150741	3.99
9160687	4.01
9170638	4.01
9180756	4.03
9190643	4.05
9200683	4.08
9210650	4.085
9220654	4.105
9230680	4.14
9240732	4.155
9250716	4.165
9260715	4.19
9270693	4.21
9280623	4.225
9290678	4.245
9300725	4.275
9310645	4.29
9320732	4.32
9330698	4.34
9340632	4.35
9350714	4.38
9360689	4.4
9370598	4.4
9380726	4.43
9390727	4.45
9400590	4.445
9410737	4.48
9420622	4.475
9430633	4.49
9440710	4.525
9450588	4.52
9460623	4.535
9470660	4.565
9480610	4.555
9490633	4.575
9500680	4.605
9510652	4.6
9520630	4.61
9530670	4.64
9540629	4.64
9550635	4.655
9560698	4.68
9578255	4.695
9580598	4.695
9590727	4.715
9600688	4.73
9610857	4.735
9620641	4.745
9630684	4.77
9640699	4.78
9650646	4.785
9660617	4.8
9670668	4.82
9680693	4.835
9690643	4.84
9700645	4.855
9710702	4.875
9720687	4.885
9730596	4.89
9740618	4.9
9750633	4.915
9760674	4.94
9770663	4.95
9780621	4.945
9790648	4.955
9800670	4.985
9810824	4.975
9820609	4.985
9830697	5.02
9840696	5.03
9850648	5.025
9860675	5.055
9870665	5.065
9880644	5.06
9890611	5.07
9900669	5.1
9910640	5.095
9920614	5.11
9930667	5.13
9940706	5.14
9950649	5.15
9960585	5.16
9970689	5.17
9980597	5.185
9990644	5.195
10000715	5.205
10010673	5.215
10020623	5.225
10030624	5.24
10040685	5.245
10050763	5.26
10060650	5.27
10070667	5.28
10080673	5.295
10090601	5.305
10114461	5.315
10114635	5.33
10120594	5.335
10130609	5.345
10140689	5.365
10150688	5.38
10160603	5.385
10170577	5.4
10180665	5.42
10190622	5.43
10200573	5.445
10210712	5.46
10220681	5.48
10230598	5.49
10240593	5.505
10250685	5.52
10260593	5.535
10270607	5.55
10280674	5.565
10290684	5.57
10300592	5.58
10310606	5.59
10320678	5.605
10330644	5.62
10340596	5.625
10350724	5.64
10360729	5.65
10370587	5.66
10380580	5.67
10390678	5.67
10400605	5.685
10410608	5.69
10420656	5.695
10430650	5.705
10440589	5.72
10450691	5.725
10460644	5.725
10470566	5.74
10480588	5.75
10490669	5.75
10500594	5.765
10510621	5.775
10520662	5.775
10530636	5.78
10540607	5.79
10550560	5.795
10560664	5.8
10570571	5.805
10580573	5.81
10590664	5.825
10600663	5.83
10610594	5.835
10620585	5.835
10630645	5.845
10652070	5.85
10652168	5.85
10660665	5.865
10670575	5.86
10680594	5.865
10690665	5.875
10700562	5.875
10710852	5.885
10720676	5.89
10730591	5.89
10740652	5.895
10750587	5.895
10760560	5.9
10770630	5.905
10780571	5.91
10790581	5.915
10800662	5.91
10810608	5.92
10820611	5.92
10830634	5.92
10840658	5.915
10850603	5.915
10860583	5.915
10870633	5.915
10880599	5.92
10890618	5.92
10900640	5.92
10910593	5.92
10920653	5.92
10930681	5.915
10940588	5.92
10950594	5.925
10960670	5.915
10970551	5.93
10980543	5.93
10990666	5.915
11000541	5.93
11010566	5.93
11020620	5.91
11030591	5.935
11040575	5.935
11050676	5.915
11060584	5.94
11070556	5.94
11080638	5.91
11090615	5.935
11100584	5.94
11110676	5.92
11120585	5.94
11130570	5.945
11140653	5.92
11150631	5.955
11160724	5.92
11170633	5.925
11180555	5.965
11190681	5.93
11200551	5.97
11210543	5.975
11220700	5.93
11230545	5.99
11240603	5.99
11250641	5.94
11260637	5.94
11270576	5.995
11280661	5.95
11290647	5.95
11300568	5.995
11310641	5.96
11320637	5.96
11330565	5.995
11340678	5.965
11350673	5.965
11360582	5.995
11370653	5.97
11380672	5.97
11390578	5.995
11400645	5.975
11410641	5.98
11430661	5.975
11440631	5.975
11450566	6.005
11460626	5.985
11470603	5.985
11480540	6.005
11490642	5.985
11500599	5.985
11510589	6.01
11520644	5.99
11530619	5.99
11540564	6.015
11550661	5.995
11560613	5.99
11570529	6.02
11580613	5.99
11590565	6.025
11600564	6.03
11610648	5.99
11620585	6.035
11630580	6.04
11650570	6.045
11660551	6.05
11670620	6.005
11680534	6.045
11690543	6.045
11705910	6.01
11710882	6.055
11720568	6.055
11730606	6.025
11740588	6.06
11750538	6.06
11760650	6.025
11770523	6.06
11780530	6.065
11790675	6.035
11800535	6.07
11810757	6.07
11820600	6.04
11830557	6.075
11840546	6.08
11850631	6.05
11860664	6.055
11870529	6.09
11880598	6.055
11890620	6.055
11900531	6.09
11910538	6.095
11920623	6.06
11930534	6.09
11940561	6.09
11951086	6.06
11960603	6.06
11970534	6.085
11980535	6.085
11990642	6.065
12000574	6.09
12010547	6.09
12020798	6.07
12030592	6.07
12040566	6.09
12050616	6.075
12060629	6.075
12070544	6.09
12080612	6.08
12090632	6.08
12100530	6.095
12111101	6.09
12120595	6.09
12130524	6.1
12140615	6.09
12150595	6.09
12160584	6.1
12170587	6.085
12180594	6.085
12190561	6.1
12200619	6.085
12210515	6.1
12220517	6.1
12230599	6.085
12240538	6.1
12250612	6.09
12260528	6.105
12270585	6.09
12280586	6.09
12290529	6.11
12300584	6.095
12310546	6.11
12320625	6.095
12330611	6.09
12340521	6.115
12350598	6.09
12360552	6.115
12370515	6.115
12380613	6.09
12390560	6.115
12400610	6.09
12410623	6.09
12420574	6.11
12430616	6.09
12440568	6.11
12450523	6.11
12460630	6.095
12470517	6.11
12480675	6.1
12490575	6.12
12500501	6.12
12510600	6.105
12520536	6.125
12530527	6.125
12540601	6.11
12550568	6.125
12560586	6.11
12570511	6.125
12580522	6.13
12590579	6.12
12600548	6.135
12610734	6.12
12620630	6.12
12630523	6.14
12640616	6.12
12650493	6.14
12660528	6.145
12670596	6.13
12680514	6.15
12690614	6.135
12700594	6.13
12710509	6.14
12720603	6.13
12730497	6.14
12740594	6.135
12750550	6.145
12771967	6.15
12772102	6.14
12780510	6.15
12790631	6.145
12800501	6.15
12810493	6.155
12820608	6.145
12830536	6.155
12840519	6.16
12850631	6.15
12860537	6.16
12870563	6.16
12880575	6.16
12890562	6.165
12900573	6.165
12911091	6.165
12920524	6.165
12930598	6.165
12940549	6.175
12950566	6.175
12960610	6.175
12970506	6.18
12980484	6.18
12990639	6.185
13000504	6.185
13010558	6.185
13020586	6.19
13030496	6.185
13040584	6.19
13050561	6.19
13060555	6.19
13070558	6.195
13080507	6.19
13090550	6.195
13100550	6.2
13110490	6.195
13120511	6.2
13130815	6.205
13140511	6.205
13151131	6.205
13160576	6.21
13170481	6.21
13180598	6.21
13190692	6.215
13200486	6.215
13210646	6.22
13220522	6.225
13230517	6.225
13240593	6.225
13250506	6.235
13260577	6.235
13270589	6.23
13280514	6.235
13290526	6.235
13300561	6.23
13310961	6.235
13320532	6.235
13330549	6.235
13340518	6.235
13350519	6.23
13360585	6.24
13370466	6.23
13380488	6.23
13390568	6.24
13400559	6.245
13410528	6.24
13420551	6.25
13430574	6.25
13440521	6.245
13450713	6.26
13460586	6.255
13470478	6.25
13480488	6.255
13490589	6.265
13500473	6.255
13510542	6.26
13520542	6.265
13530477	6.26
13540555	6.265
13550547	6.27
13560481	6.26
13570530	6.265
13582607	6.265
13590504	6.26
13600543	6.265
13610463	6.265
13620493	6.26
13630570	6.27
13640482	6.265
13650571	6.27
13660516	6.265
13670541	6.265
13680522	6.27
13690546	6.275
13700540	6.27
13710483	6.28
13720580	6.27
13730543	6.275
13740484	6.285
13750565	6.28
13760547	6.28
13770467	6.285
13780498	6.285
13790602	6.28
13800448	6.29
13810511	6.29
13820550	6.29
13830537	6.295
13840484	6.295
13850520	6.3
13860527	6.31
13870454	6.305
13880590	6.315
13890552	6.315
13900458	6.305
13910486	6.31
13920557	6.32
13930462	6.31
13940475	6.31
13950583	6.33
13960545	6.335
13970464	6.315
13980547	6.33
13990587	6.325
14000464	6.315
14010533	6.32
14020550	6.335
14030452	6.325
14040580	6.335
14050530	6.335
14060479	6.33
14070536	6.335
14080450	6.345
14090501	6.345
14100519	6.345
14110517	6.355
14120541	6.34
14130515	6.345
14140465	6.36
14150567	6.345
14160525	6.345
14170441	6.365
14180477	6.365
14190566	6.35
14200485	6.355
14210476	6.355
14220554	6.355
14230525	6.355
14240512	6.345
14250556	6.355
14260550	6.355
14270474	6.34
14280531	6.355
14290546	6.355
14300453	6.335
14310535	6.36
14320469	6.335
14330440	6.335
14340583	6.355
14350452	6.34
14381141	6.35
14381259	6.35
14381361	6.34
14390652	6.35
14400442	6.345
14410447	6.345
14420535	6.34
14430478	6.35
14440549	6.345
14450488	6.35
14460479	6.355
14470531	6.35
14480466	6.35
14490557	6.34
14500543	6.34
14510495	6.345
14520546	6.335
14530456	6.335
14540545	6.315
14550521	6.305
14560465	6.295
14570523	6.26
14580455	6.24
14590478	6.22
14600555	6.185
14610463	6.17
14621500	6.13
14630842	6.09
14640549	6.055
14650451	6.02
14660469	5.975
14670533	5.935
14680560	5.89
14690465	5.84
14700446	5.79
14710526	5.75
14720534	5.7
14730468	5.62
14740469	5.56
14750536	5.52
14760525	5.455
14770457	5.38
14780457	5.32
14790578	5.27
14800450	5.185
14810464	5.12
14820522	5.055
14830491	4.985
14840549	4.915
14850531	4.84
14860459	4.785
14870516	4.7
14880513	4.64
14900600	4.565
14900704	4.49
14910513	4.41
14920545	4.34
14930449	4.275
14940459	4.2
14950575	4.125
14960515	4.05
14970453	3.97
14980490	3.895
14990578	3.84
15000535	3.77
15010460	3.66
15020451	3.58
15030533	3.545
15040529	3.475
15050460	3.37
15060453	3.31
15070431	3.245
15080613	3.205
15090584	3.135
15100443	3.045
15110445	2.98
15120452	2.92
15130506	2.855
15140536	2.785
15150527	2.72
15160605	2.655
15170444	2.62
15180445	2.555
15190464	2.495
15200439	2.42
15210503	2.325
15220530	2.26
15230517	2.195
15240526	2.13
15250528	2.065
15270433	1.935
15280439	1.865
15290510	1.79
15300428	1.72
15310547	1.67
15320549	1.6
15330527	1.535
15340533	1.47
15350504	1.405
15360510	1.305
15370512	1.235
15380511	1.17
15390510	1.13
15400493	1.065
15420763	0.94
15430497	0.88
15440528	0.81
15451034	0.75
15460539	0.69
15470493	0.635
15480520	0.58
15490515	0.52
15500487	0.465
15510536	0.405
15520516	0.345
15530506	0.285
15540502	0.225
15550491	0.09
15560475	0.03
15570475	0.025
15580484	0.03
15590552	0.025
15600499	0.12
15610528	0.195
15620559	0.23
15630474	0.26
15640499	0.28
15650472	0.285
15660478	0.29
15670473	0.285
15680463	0.275
15690504	0.26
15700487	0.235
15710484	0.215
15720468	0.185
15730507	0.145
15740492	0.01
15750489	0.01
15760496	0.015
15770492	0.015
15780518	0.02
15790530	0.02
15800462	0.02
15810484	0.02
15820498	0.025
15830474	0.055
15840498	0.19
15850503	0.2
15860502	0.21
15870469	0.21
15880513	0.205
15890504	0.2
15900453	0.19
15910493	0.175
15920512	0.08
15930491	0.015
15940480	0.015
15950465	0.015
15960491	0.015
15970466	0.015
15980476	0.01
15990491	0.01
16000485	0.01
16010497	0.01
16023383	0.01
16030461	0.01
16040477	0.015
16050472	0.015
16060466	0.015
16070464	0.015
16080450	0.02
16090533	0.02
16100482	0.02
16110472	0.02
16120485	0.025
16130485	0.025
16140494	0.025
16150476	0.025
16160456	0.025
16170441	0.02
16180471	0.02
16190479	0.02
16200449	0.02
16210454	0.02
16220458	0.02
16230451	0.015
16240494	0.015
16250484	0.015
16260456	0.015
16270451	0.015
16280519	0.01
16290481	0.01
16300518	0.01
16310462	0.01
16320462	0.015
16330475	0.015
16340481	0.015
16350449	0.015
16360444	0.02
16370468	0.02
16380472	0.02
16390489	0.02
16400469	0.02
16410473	0.02
16420554	0.02
16430448	0.02
16440476	0.02
16450447	0.02
16460458	0.02
16470445	0.02
16480517	0.02
16490485	0.02
16500447	0.02
16510441	0.02
16520453	0.02
16530456	0.015
16540475	0.015
16550463	0.015
16560443	0.015
16570449	0.01
16580586	0.015
16590483	0.015
16600444	0.015
16610448	0.015
16620487	0.015
16630475	0.015
16640473	0.015
16650458	0.015
16660478	0.015
16670446	0.02
16680462	0.02
16690481	0.02
16700436	0.02
16710475	0.02
16720471	0.02
16730435	0.02
16740451	0.02
16750442	0.02
16760434	0.02
16770447	0.02
16780605	0.015
16790461	0.02
16800433	0.015
16810425	0.015
16820487	0.015
16830444	0.015
16840464	0.015
16850445	0.015
16860468	0.015
16870455	0.015
16880479	0.015
16890500	0.015
16900442	0.015
16910463	0.015
16920485	0.015
16930449	0.015
16940450	0.015
16950430	0.015
16960431	0.02
16970417	0.02
16980485	0.02
16990482	0.02
17000430	0.02
17010411	0.02
17020474	0.02
17030427	0.02
17040458	0.02
17050429	0.02
17060435	0.02
17070406	0.02
17080496	0.02
17090456	0.02
17100450	0.015
17110419	0.015
17120427	0.015
17130398	0.015
17140455	0.015
17150410	0.015
17160411	0.015
17170402	0.015
17180492	0.015
17190443	0.015
17200414	0.015
17210407	0.015
17220429	0.02
17230395	0.015
17240445	0.02
17250427	0.02
17260422	0.02
17270405	0.02
17280411	0.02
17290445	0.02
17300403	0.02
17310410	0.02
17320419	0.02
17330423	0.02
17340462	0.02
17350446	0.02
17360493	0.015
17370442	0.02
17380433	0.02
17390423	0.015
17400426	0.015
17410395	0.015
17420462	0.015
17430410	0.015
17440447	0.015
17450401	0.015
17460428	0.015
17470384	0.015
17480432	0.015
17490558	0.015
17500409	0.015
17510388	0.015
17520424	0.02
17530404	0.02
17540396	0.015
17550539	0.015
17560432	0.015
17570368	0.02
17580440	0.02
17590425	0.02
17600370	0.02
17610406	0.015
17620438	0.02
17630439	0.015
17640404	0.015
17650418	0.015
17660397	0.015
17670372	0.015
17680426	0.015
17690416	0.02
17700398	0.015
17710368	0.015
17720435	0.015
17730436	0.015
17740415	0.015
17751075	0.015
17760387	0.015
17770383	0.015
17780369	0.02
17790376	0.015
17800375	0.02
17810354	0.02
17820422	0.02
17830381	0.02
17840404	0.015
17850363	0.02
17860381	0.02
17870399	0.02
17880399	0.02
17890387	0.015
17900373	0.02
17910365	0.02
17920455	0.02
17930384	0.015
17940395	0.015
17950398	0.02
17960371	0.015
17970361	0.015
17980532	0.015
17990421	0.015
18000371	0.015
18010356	0.02
18020382	0.02
18030354	0.015
18040377	0.02
18050367	0.02
18060404	0.02
18070344	0.015
18080490	0.015
18090408	0.02
18100383	0.015
18110360	0.02
18120427	0.02
18130342	0.02
18140381	0.015
18150396	0.02
18160400	0.015
18170341	0.015
18180381	0.02
18190403	0.02
18200394	0.015
18210353	0.015
18220411	0.015
18230365	0.015
18240416	0.015
18250334	0.02
18260364	0.02
18270375	0.02
18280385	0.015
18290409	0.02
18300358	0.015
18310337	0.015
18320375	0.015
18330351	0.015
18340382	0.02
18350371	0.02
18360379	0.015
18370339	0.02
18380424	0.015
18390360	0.015
18400363	0.015
18410345	0.015
18420416	0.02
18430365	0.02
18440386	0.015
18450358	0.015
18460353	0.015
18470396	0.015
18480413	0.02
18490383	0.02
18500376	0.02
18510344	0.02
18520391	0.015
18530334	0.015
18540367	0.02
18550388	0.02
18560373	0.02
18570347	0.02
18580361	0.015
18590414	0.015
18600363	0.02
18610387	0.02
18620353	0.015
18630344	0.02
18640367	0.02
18650378	0.015
18660484	0.015
18670332	0.015
18680375	0.02
18690366	0.02
18700343	0.02
18710350	0.015
18720391	0.02
18730373	0.015
18740393	0.015
18750424	0.015
18760355	0.02
18770337	0.015
18780403	0.02
18790363	0.015
18800364	0.015
18810355	0.015
18820371	0.015
18830327	0.02
18840394	0.02
18850386	0.02
18860372	0.02
18870346	0.015
18880385	0.015
18890353	0.02
18900338	0.02
18910324	0.02
18920412	0.02
18930328	0.015
18940382	0.015
18950360	0.02
18960358	0.02
18970322	0.02
18980335	0.015
18990344	0.015
19000371	0.015
19010357	0.02
19020386	0.015
19030374	0.02
19040412	0.02
19050320	0.015
19060386	0.015
19070332	0.02
19080365	0.02
19090337	0.015
19100340	0.015
19110323	0.015
19120423	0.02
19130339	0.015
19140392	0.015
19150336	0.02
19160351	0.015
19170339	0.015
19180349	0.015
19190338	0.02
19200320	0.02
19210310	0.02
19220391	0.015
19230349	0.02
19240348	0.015
19250373	0.02
19260411	0.02
19270312	0.015
19280340	0.015
19290340	0.015
19300330	0.02
19310306	0.02
19320346	0.015
19330307	0.02
19340338	0.015
19350321	0.02
19360362	0.015
19370310	0.015
19380333	0.015
19390339	0.02
19400343	0.015
19410304	0.015
19420348	0.015
19430322	0.02
19440358	0.02
19450330	0.015
19460311	0.015
19470313	0.02
19480354	0.015
19490351	0.015
19500329	0.015
19510305	0.02
19520372	0.015
19530334	0.02
19540349	0.02
19550324	0.015
19560362	0.015
19570299	0.02
19580314	0.015
19590345	0.02
19600318	0.02
19610347	0.015
19620329	0.015
19630335	0.015
19640330	0.015
19650335	0.02
19660351	0.02
19670329	0.02
19680331	0.015
19690345	0.015
19700347	0.015
19710316	0.015
19720416	0.02
19730304	0.02
19740348	0.015
19750358	0.02
19760312	0.015
19770290	0.02
19780361	0.015
19790446	0.02
